<?xml version="1.0" encoding="utf-8"?>
<modification>
  <name><![CDATA[Force Free Checkout When Total Zero]]></name>
  <code><![CDATA[force_free_checkout_when_total_zero]]></code>
	<version><![CDATA[1.0]]></version>
	<author><![CDATA[REDS PRAI]]></author>
	<link><![CDATA[https://www.agenciaprai.com/]]></link>
	
	<file path="catalog/model/extension/total/total.php">
		<operation error="skip">
			<search><![CDATA[$total['totals'][] = array(]]></search>
			<add position="before">
			<![CDATA[
			// force free checkout
			$this->session->data['carttotal'] = max(0, $total);
			]]>
			</add>
		</operation>
	</file>
	<file path="catalog/controller/checkout/payment_method.php">
		<operation error="skip">
			<search index="1"><![CDATA[foreach ($results as $result) {]]></search>
			<add position="before">
			<![CDATA[
				// force free checkout
				if(isset($this->session->data['carttotal']) &&  $this->session->data['carttotal'] ==  0){
					foreach ($results as $key => $value) {
						if($value['code'] != "free_checkout") {
							unset($results[$key]);
						}
					}
					
					$this->session->data['payment_method']['code'] = 'free_checkout';
				}
			]]>
			</add>
		</operation>
	</file>
</modification>
